uptrend stock,up percent,downtrend stock,down percent
AAP,6.065875840360791,AB,0.23094815848156633
ABC,4.616164841237288,,
AAN,4.416879969459703,AAT,3.4789666985586867
ABBV,3.5817908475452693,,
A,1.627600251710793,AA,4.080704085339292
ABB,0.6311102941632304,ABEV,0.6369496393919112
